<?xml version="1.0" ?>
<orders>
	<order>
		<customer_number>45888phantom</customer_number>
		<ship_address_id>99</ship_address_id>
		<buyer_name>joe phantom</buyer_name>
		<buyer_email>jphantom@gmail.com</buyer_email>
		<order_note>phantom note</order_note>
		<ship_date>10/15/2019</ship_date>
		<po_number>oct-phan-po</po_number>
		<earned_discount>0</earned_discount>
		<lines>
			<line>
				<sku>PHGL2-KIT1</sku>
				<quantity>3</quantity>
				<net_price>63.99</net_price>
			</line>
			<line>
				<sku>PHGL2-KIT36</sku>
				<quantity>2</quantity>
				<net_price>2303.64</net_price>
			</line>
			<line>
				<sku>PHGL-CSF</sku>
				<quantity>3</quantity>
				<net_price>2200</net_price>
			</line>
			<line>
				<sku>PHCS1-110V</sku>
				<quantity>1</quantity>
				<net_price>2000</net_price>
			</line>
			<line>
				<sku>PHC-SERVICEKIT</sku>
				<quantity>1</quantity>
				<net_price>0</net_price>
			</line>
			<line>
				<sku>POP-PHANTOM</sku>
				<quantity>1</quantity>
				<net_price>0</net_price>
			</line>
		</lines>
	</order>
</orders>
