<?xml version="1.0" ?>
<orders>
	<order>
		<customer_number>BD123</customer_number>
		<ship_address_id>1</ship_address_id>
		<buyer_name>Clarke Kawakami</buyer_name>
		<buyer_email>clarke.kawakami@gmail.com</buyer_email>
		<order_note>clarke's note</order_note>
		<ship_date>08/15/2019</ship_date>
		<po_number>aug po num</po_number>
		<earned_discount>9</earned_discount>
		<lines>
			<line>
				<sku>A165C82C2</sku>
				<quantity>1</quantity>
				<net_price>756.54</net_price>
			</line>
			<line>
				<sku>A150U87C2</sku>
				<quantity>1</quantity>
				<net_price>756.54</net_price>
			</line>
			<line>
				<sku>A157U87C2</sku>
				<quantity>2</quantity>
				<net_price>756.54</net_price>
			</line>
			<line>
				<sku>A165U87C2</sku>
				<quantity>1</quantity>
				<net_price>756.54</net_price>
			</line>
			<line>
				<sku>TRUCKERHAT-BK</sku>
				<quantity>1</quantity>
				<net_price>13.2</net_price>
			</line>
			<line>
				<sku>TRUCKERHAT-BU</sku>
				<quantity>1</quantity>
				<net_price>13.2</net_price>
			</line>
			<line>
				<sku>TRUCKERHAT-GR</sku>
				<quantity>1</quantity>
				<net_price>13.2</net_price>
			</line>
			<line>
				<sku>TRUCKERHAT-PK</sku>
				<quantity>1</quantity>
				<net_price>13.2</net_price>
			</line>
			<line>
				<sku>TRUCKERHAT-PU</sku>
				<quantity>1</quantity>
				<net_price>13.2</net_price>
			</line>
			<line>
				<sku>TRUCKERHAT-RD</sku>
				<quantity>1</quantity>
				<net_price>13.2</net_price>
			</line>
			<line>
				<sku>HOLDEN-SCARF-BK</sku>
				<quantity>1</quantity>
				<net_price>12.74</net_price>
			</line>
		</lines>
	</order>
	<order>
		<customer_number>BD123</customer_number>
		<ship_address_id>1</ship_address_id>
		<buyer_name>Clarke Kawakami</buyer_name>
		<buyer_email>clarke.kawakami@gmail.com</buyer_email>
		<order_note>clarke's note</order_note>
		<ship_date>10/15/2019</ship_date>
		<po_number>oct po num</po_number>
		<earned_discount>9</earned_discount>
		<lines>
			<line>
				<sku>NORIPOLE2-BK</sku>
				<quantity>4</quantity>
				<net_price>87.33</net_price>
			</line>
		</lines>
	</order>
	<order>
		<customer_number>BD123</customer_number>
		<ship_address_id>1</ship_address_id>
		<buyer_name>Clarke Kawakami</buyer_name>
		<buyer_email>clarke.kawakami@gmail.com</buyer_email>
		<order_note>clarke's note</order_note>
		<ship_date>11/15/2019</ship_date>
		<po_number>nov po num</po_number>
		<earned_discount>9</earned_discount>
		<lines>
			<line>
				<sku>A165C82C2</sku>
				<quantity>3</quantity>
				<net_price>756.54</net_price>
			</line>
			<line>
				<sku>A165C94C2</sku>
				<quantity>1</quantity>
				<net_price>756.54</net_price>
			</line>
			<line>
				<sku>A171C94C2</sku>
				<quantity>1</quantity>
				<net_price>756.54</net_price>
			</line>
			<line>
				<sku>A178C94C2</sku>
				<quantity>2</quantity>
				<net_price>756.54</net_price>
			</line>
			<line>
				<sku>A185C94C2</sku>
				<quantity>2</quantity>
				<net_price>756.54</net_price>
			</line>
			<line>
				<sku>A191C94C2</sku>
				<quantity>1</quantity>
				<net_price>756.54</net_price>
			</line>
		</lines>
	</order>
</orders>
